Well positions;;;;;;;;;;;;;;;;;;;;;;;;;;;;;;;;;;;;;;;;;;;;;;;;;;;;;;;;;;;;;;;;;;;;;;;;;;;;;;;;;;;;;;;;;;;;;;;;;
Raw data;;;;;;;;;;;;;;;;;;;;;;;;;;;;;;;;;;;;;;;;;;;;;;;;;;;;;;;;;;;;;;;;;;;;;;;;;;;;;;;;;;;;;;;;;;;;;;;;;
;;;;;;;;;;A2;B2;C2;D2;E2;F2;G2;H2;A3;B3;C3;D3;E3;F3;G3;H3;A4;B4;C4;D4;E4;F4;G4;H4;A5;B5;C5;D5;E5;F5;G5;H5;A6;B6;C6;D6;E6;F6;G6;H6;A7;B7;C7;D7;E7;F7;G7;H7;A8;B8;C8;D8;E8;F8;G8;H8;A9;B9;C9;D9;E9;F9;G9;H9;A10;B10;C10;D10;E10;F10;G10;H10;A11;B11;C11;D11;E11;F11;G11;H11;A12;B12;C12;D12;E12;F12;G12;H12
0s;37.1 °C;;;;;;;;;0.2548;0.2504;0.2436;0.2535;0.2561;0.2583;0.2633;0.2782;0.256;0.2538;0.251;0.2597;0.2668;0.2616;0.25;0.2674;0.2543;0.2513;0.2576;0.2524;0.2649;0.2454;0.2509;0.2689;0.2527;0.2535;0.2544;0.2407;0.2534;0.2436;0.2528;0.4548;0.2588;0.2489;0.2545;0.2637;0.2535;0.2531;0.2547;0.5124;0.2544;0.2471;0.256;0.2533;0.2513;0.2558;0.2491;0.2506;0.2846;0.258;0.2621;0.2476;0.2721;0.2665;0.2663;0.2673;0.2992;0.2979;0.2893;0.2363;0.301;0.3038;0.2903;0.3004;0.3156;0.3065;0.3042;0.2402;0.3216;0.3249;0.3107;0.3151;0.3585;0.3582;0.3678;0.2484;0.3664;0.3607;0.3463;0.3501;0.393;0.3806;0.3987;0.2507;0.3911;0.3881;0.3774;0.3703
71s;37.1 °C;;;;;;;;;0.2527;0.2499;0.2409;0.2607;0.2589;0.2562;0.2601;0.2772;0.2529;0.2526;0.2489;0.2587;0.2653;0.2614;0.2494;0.2656;0.2506;0.2499;0.255;0.2517;0.2601;0.2445;0.2508;0.2684;0.2498;0.2521;0.2527;0.2424;0.2525;0.2423;0.2533;0.458;0.2559;0.2479;0.253;0.262;0.2529;0.2516;0.2554;0.5181;0.253;0.247;0.2543;0.252;0.2506;0.2563;0.25;0.2539;0.3119;0.2738;0.2772;0.2469;0.2949;0.2871;0.281;0.2896;0.3396;0.3297;0.3194;0.2367;0.3409;0.3441;0.3295;0.3542;0.3731;0.3597;0.3534;0.2397;0.3807;0.3879;0.3728;0.3762;0.4418;0.4429;0.454;0.248;0.45;0.456;0.4404;0.4551;0.4976;0.4876;0.5093;0.2499;0.4982;0.5052;0.4964;0.4952
142s;37.1 °C;;;;;;;;;0.2522;0.2503;0.2419;0.2607;0.2539;0.2558;0.259;0.2771;0.2522;0.2521;0.2483;0.2598;0.2649;0.2613;0.2496;0.2659;0.2493;0.249;0.2545;0.2531;0.2577;0.2441;0.2512;0.2696;0.2489;0.2519;0.2526;0.2398;0.2519;0.2426;0.2556;0.4609;0.2552;0.2479;0.2528;0.2617;0.2528;0.2515;0.2574;0.5234;0.2521;0.247;0.254;0.2519;0.2503;0.258;0.2525;0.2591;0.3406;0.293;0.2939;0.2462;0.3195;0.3125;0.2975;0.3166;0.3842;0.3659;0.3535;0.237;0.3843;0.3881;0.3717;0.4089;0.4358;0.4181;0.4078;0.2397;0.4455;0.4568;0.4412;0.4508;0.5337;0.5357;0.5492;0.2476;0.5426;0.5589;0.5424;0.5719;0.6177;0.6048;0.6312;0.2495;0.6192;0.6339;0.6267;0.6338
213s;36.8 °C;;;;;;;;;0.2519;0.2502;0.241;0.2605;0.2534;0.2556;0.2581;0.2768;0.2519;0.2521;0.248;0.2602;0.2649;0.2615;0.25;0.2676;0.2485;0.2491;0.2548;0.2518;0.2576;0.2445;0.2524;0.2725;0.2485;0.2519;0.2525;0.2378;0.2521;0.2422;0.2581;0.4642;0.2549;0.2479;0.2529;0.2616;0.2531;0.2521;0.2605;0.5291;0.252;0.247;0.2538;0.2517;0.2504;0.2587;0.2562;0.2666;0.3716;0.3127;0.3117;0.2457;0.3465;0.3337;0.3148;0.3472;0.4317;0.404;0.3902;0.2362;0.4306;0.4339;0.4164;0.4667;0.5051;0.4806;0.4664;0.2406;0.5146;0.5309;0.5138;0.5306;0.6346;0.6348;0.652;0.2474;0.6413;0.6683;0.6507;0.6954;0.7495;0.7313;0.7642;0.2492;0.7498;0.7736;0.7653;0.783
285s;36.9 °C;;;;;;;;;0.2507;0.2503;0.2391;0.2605;0.2557;0.2555;0.2575;0.2766;0.2512;0.2518;0.2477;0.2595;0.2641;0.2577;0.2508;0.2696;0.2477;0.2491;0.2548;0.2498;0.2563;0.2457;0.2541;0.277;0.248;0.252;0.2526;0.2372;0.2516;0.2427;0.2613;0.4721;0.2548;0.2479;0.2529;0.2617;0.253;0.2561;0.2648;0.5385;0.252;0.247;0.2539;0.2517;0.2502;0.2598;0.2611;0.2762;0.4056;0.3338;0.3307;0.2453;0.375;0.3567;0.3329;0.3787;0.4827;0.4433;0.4288;0.2363;0.4794;0.4826;0.4632;0.5292;0.5792;0.5472;0.5287;0.2417;0.5876;0.6094;0.591;0.6167;0.7418;0.7401;0.7602;0.2472;0.7451;0.7837;0.765;0.8257;0.8866;0.8658;0.9073;0.2489;0.8902;0.9214;0.9109;0.9398
356s;37.2 °C;;;;;;;;;0.2498;0.2499;0.2382;0.2599;0.2532;0.255;0.256;0.2766;0.251;0.2516;0.2475;0.2594;0.265;0.2564;0.252;0.2728;0.2472;0.2491;0.2548;0.2495;0.2571;0.2471;0.2564;0.2826;0.2476;0.2521;0.2525;0.2372;0.2515;0.2433;0.2654;0.4803;0.2546;0.2479;0.2529;0.2625;0.253;0.258;0.2705;0.5494;0.252;0.2471;0.254;0.2524;0.2504;0.2616;0.2674;0.2885;0.4414;0.3562;0.3504;0.2459;0.4053;0.3806;0.3515;0.4114;0.5377;0.4854;0.4694;0.2384;0.531;0.5338;0.5122;0.5943;0.6583;0.6175;0.5942;0.2411;0.6647;0.6909;0.6718;0.7076;0.8572;0.8504;0.8739;0.2468;0.8545;0.9047;0.884;0.9627;1.0331;1.0065;1.0558;0.2485;1.0365;1.0764;1.0611;1.1015
427s;37.0 °C;;;;;;;;;0.2493;0.25;0.2378;0.2597;0.2545;0.2551;0.2594;0.2767;0.2506;0.2516;0.2472;0.2589;0.2638;0.2551;0.2534;0.2764;0.2465;0.2492;0.2545;0.2496;0.2559;0.2482;0.2592;0.2892;0.2472;0.2521;0.2525;0.2373;0.2512;0.2444;0.2704;0.4909;0.2543;0.2481;0.2529;0.2639;0.2529;0.2597;0.2771;0.5635;0.2519;0.2472;0.2541;0.2531;0.2503;0.2635;0.2748;0.3029;0.4794;0.3795;0.3711;0.2463;0.4365;0.4049;0.3716;0.4457;0.5955;0.5299;0.5114;0.2374;0.585;0.587;0.5627;0.6611;0.7422;0.6911;0.6625;0.2399;0.7453;0.7765;0.7555;0.8077;0.9776;0.9655;0.9911;0.2464;0.9684;1.0299;1.0069;1.1036;1.1868;1.1528;1.2083;0.2476;1.1868;1.2347;1.213;1.2639
498s;37.1 °C;;;;;;;;;0.2489;0.2502;0.2384;0.2596;0.2545;0.2552;0.2549;0.2761;0.2503;0.2514;0.2471;0.2593;0.265;0.2546;0.2552;0.2806;0.2461;0.2491;0.2543;0.2494;0.2563;0.2499;0.2626;0.2963;0.2469;0.2521;0.2525;0.2374;0.2509;0.247;0.2762;0.5032;0.254;0.2482;0.2528;0.2648;0.2528;0.2591;0.2851;0.5786;0.252;0.2472;0.2542;0.2537;0.2502;0.2658;0.2839;0.3201;0.5195;0.404;0.3926;0.2462;0.4688;0.431;0.3909;0.4815;0.6565;0.5768;0.5553;0.2368;0.6414;0.6421;0.6149;0.7295;0.8296;0.7683;0.7337;0.239;0.8287;0.8651;0.8412;0.9084;1.1026;1.0845;1.1118;0.246;1.0866;1.1581;1.133;1.2471;1.3447;1.3032;1.3651;0.2475;1.3406;1.394;1.3657;1.4254
569s;36.8 °C;;;;;;;;;0.2488;0.2501;0.2376;0.2591;0.2546;0.2551;0.2554;0.2761;0.2502;0.2514;0.2469;0.2584;0.2629;0.2535;0.2577;0.2865;0.2457;0.2491;0.2541;0.2494;0.255;0.2503;0.2667;0.3043;0.2467;0.2521;0.2526;0.2383;0.2509;0.2491;0.2833;0.5178;0.2538;0.2482;0.2529;0.2661;0.2529;0.2599;0.2944;0.5957;0.2519;0.2473;0.2545;0.2552;0.2501;0.2688;0.2944;0.3398;0.5615;0.4298;0.4152;0.2461;0.5027;0.4588;0.4114;0.5166;0.7201;0.6254;0.6006;0.2362;0.7003;0.6998;0.6691;0.8004;0.9201;0.8476;0.8073;0.2386;0.9155;0.9567;0.9306;1.0096;1.232;1.2063;1.2345;0.2457;1.2087;1.2894;1.2612;1.392;1.5044;1.4556;1.5233;0.2473;1.496;1.5534;1.5184;1.5819
640s;37.1 °C;;;;;;;;;0.2484;0.2501;0.2389;0.2592;0.2531;0.2549;0.2554;0.2767;0.2499;0.2514;0.2468;0.2579;0.2645;0.2531;0.2604;0.2923;0.2454;0.249;0.2538;0.2495;0.2552;0.2487;0.2716;0.3137;0.2466;0.2521;0.2526;0.2379;0.2507;0.2517;0.2914;0.5355;0.2537;0.2484;0.2529;0.2656;0.2527;0.2614;0.3054;0.6174;0.252;0.2473;0.2546;0.2553;0.2501;0.2722;0.3065;0.3625;0.6048;0.4564;0.4376;0.2466;0.5379;0.4875;0.4326;0.552;0.7864;0.6756;0.6473;0.2362;0.7608;0.7589;0.7241;0.873;1.0138;0.9303;0.8834;0.2381;1.0047;1.0494;1.0213;1.1117;1.3638;1.3301;1.3575;0.2455;1.3353;1.4209;1.3906;1.5355;1.6625;1.6098;1.6785;0.2472;1.6506;1.7088;1.6676;1.7306
711s;37.1 °C;;;;;;;;;0.2481;0.2499;0.2372;0.258;0.253;0.255;0.2538;0.2764;0.2497;0.2513;0.2467;0.2579;0.2631;0.2535;0.2636;0.2991;0.2452;0.249;0.2537;0.2497;0.2544;0.2498;0.2771;0.3245;0.2465;0.2521;0.2527;0.2381;0.2506;0.254;0.3006;0.5542;0.2535;0.2485;0.253;0.2644;0.2528;0.2646;0.3178;0.6396;0.252;0.2475;0.2549;0.2555;0.2501;0.2762;0.3202;0.3879;0.6495;0.4845;0.4613;0.2463;0.5742;0.517;0.4544;0.5862;0.8544;0.7276;0.6955;0.2358;0.8235;0.8196;0.7806;0.9464;1.1102;1.0156;0.9612;0.2382;1.0962;1.1462;1.1145;1.2167;1.4985;1.4545;1.48;0.2452;1.4595;1.5523;1.5193;1.6777;1.82;1.7621;1.8308;0.2469;1.8023;1.8603;1.8129;1.8745
783s;37.1 °C;;;;;;;;;0.2479;0.2501;0.2372;0.258;0.2533;0.2549;0.2539;0.2761;0.2495;0.2511;0.2467;0.258;0.2643;0.2538;0.2673;0.3067;0.245;0.2488;0.2537;0.2503;0.2547;0.2509;0.2833;0.3366;0.2463;0.2525;0.2527;0.2402;0.2506;0.2557;0.3108;0.574;0.2534;0.2487;0.2531;0.263;0.2527;0.2681;0.3317;0.6634;0.2519;0.2476;0.2551;0.2545;0.2502;0.2815;0.3357;0.4165;0.6958;0.512;0.4855;0.2456;0.6118;0.5472;0.4763;0.6239;0.9241;0.7817;0.7447;0.2341;0.8879;0.882;0.838;1.0214;1.2082;1.1019;1.0412;0.2378;1.1897;1.2445;1.2091;1.3225;1.6346;1.5792;1.5992;0.2451;1.5873;1.6802;1.6449;1.817;1.9719;1.912;1.9762;0.2468;1.9477;2.0012;1.9534;2.012
854s;37.0 °C;;;;;;;;;0.2476;0.2499;0.237;0.2578;0.2529;0.2549;0.2551;0.2765;0.2495;0.2512;0.2467;0.2577;0.2632;0.2542;0.2713;0.3151;0.2448;0.2487;0.2536;0.2501;0.254;0.2523;0.2904;0.3504;0.2463;0.2523;0.253;0.2403;0.2505;0.2582;0.3223;0.5969;0.2533;0.2487;0.2532;0.2624;0.2526;0.2722;0.3472;0.6906;0.2519;0.2477;0.2554;0.2545;0.2503;0.2868;0.3528;0.4479;0.7433;0.5405;0.5104;0.2456;0.6503;0.5783;0.4986;0.6592;0.9957;0.8375;0.7951;0.2339;0.9537;0.946;0.8961;1.0948;1.3085;1.1898;1.1226;0.2378;1.2848;1.3421;1.3046;1.4255;1.7703;1.6991;1.7121;0.2449;1.7134;1.803;1.7678;1.9505;2.1168;2.0551;2.112;0.2467;2.0875;2.1337;2.0845;2.14
925s;36.9 °C;;;;;;;;;0.2475;0.2496;0.2368;0.2578;0.2527;0.2545;0.2574;0.276;0.2493;0.2509;0.2466;0.2579;0.2635;0.2547;0.2757;0.3247;0.2447;0.2488;0.2536;0.2502;0.2547;0.2539;0.2981;0.3654;0.2462;0.2523;0.2533;0.2411;0.2506;0.2605;0.3349;0.6239;0.2533;0.2489;0.2533;0.2623;0.2526;0.2768;0.3643;0.7212;0.252;0.2478;0.2557;0.2541;0.2504;0.2941;0.3717;0.4816;0.7922;0.5698;0.5359;0.2453;0.6899;0.6096;0.5212;0.6928;1.0692;0.8938;0.8468;0.2345;1.021;1.0107;0.9548;1.1689;1.4105;1.2806;1.2055;0.2379;1.3808;1.4426;1.4007;1.5309;1.9038;1.8144;1.8191;0.2447;1.8375;1.9221;1.8864;2.0779;2.2503;2.1899;2.2368;0.2465;2.2151;2.2491;2.209;2.2606
996s;37.3 °C;;;;;;;;;0.2473;0.2498;0.2367;0.2569;0.2527;0.2544;0.2555;0.2667;0.2493;0.2508;0.2466;0.2576;0.2632;0.2554;0.2808;0.3338;0.2446;0.2487;0.2536;0.2508;0.2541;0.2558;0.3068;0.3817;0.246;0.2528;0.253;0.2456;0.2506;0.2634;0.3489;0.6508;0.2531;0.249;0.2535;0.2626;0.2527;0.2817;0.3832;0.7531;0.2521;0.2481;0.2561;0.2541;0.2507;0.3004;0.3926;0.5184;0.8411;0.5988;0.5621;0.2447;0.7303;0.6419;0.5439;0.7289;1.1438;0.9524;0.8992;0.2347;1.09;1.0766;1.0144;1.2441;1.5126;1.3726;1.2898;0.2377;1.4778;1.5426;1.4967;1.6356;2.0364;1.9285;1.9178;0.2445;1.9605;2.0356;2.0014;2.2006;2.3114;2.3132;2.3027;0.2464;2.3296;2.3276;2.3252;2.317
1067s;37.0 °C;;;;;;;;;0.2472;0.2496;0.2367;0.2573;0.2526;0.2544;0.2553;0.2669;0.249;0.2508;0.2467;0.2575;0.2624;0.2561;0.2862;0.3443;0.2443;0.2487;0.2537;0.2516;0.2536;0.2579;0.316;0.3992;0.246;0.2525;0.2532;0.243;0.2506;0.2663;0.3638;0.6787;0.2531;0.2492;0.2537;0.2628;0.2527;0.2872;0.4035;0.7869;0.2521;0.2484;0.2565;0.2545;0.2508;0.3061;0.4151;0.5583;0.8898;0.6283;0.5889;0.2441;0.7714;0.6746;0.5668;0.764;1.2187;1.0112;0.9526;0.2352;1.1594;1.144;1.0739;1.3182;1.6153;1.4653;1.3746;0.2376;1.5746;1.6411;1.5912;1.7383;2.1611;2.0339;2.008;0.2445;2.0772;2.1389;2.1113;2.3087;2.3229;2.3413;2.3161;0.2463;2.3579;2.347;2.4025;2.3551
1138s;37.1 °C;;;;;;;;;0.247;0.2496;0.2367;0.257;0.2526;0.2543;0.257;0.2666;0.2491;0.2509;0.2467;0.2575;0.2624;0.2571;0.292;0.3553;0.2443;0.2486;0.2537;0.2518;0.2538;0.2604;0.3261;0.4181;0.2459;0.2525;0.2534;0.2423;0.2507;0.2695;0.3801;0.7095;0.253;0.2493;0.2539;0.2633;0.2528;0.2934;0.4256;0.8227;0.2522;0.2487;0.2571;0.2551;0.251;0.3121;0.4394;0.6005;0.9388;0.6589;0.6165;0.2441;0.8135;0.7079;0.5898;0.7998;1.2939;1.0709;1.0066;0.2351;1.2302;1.2114;1.1342;1.3911;1.7194;1.5593;1.4598;0.2375;1.672;1.7381;1.6847;1.8402;2.2552;2.1269;2.066;0.2443;2.1929;2.224;2.2069;2.3483;2.3317;2.3599;2.3295;0.2462;2.3713;2.3606;2.4227;2.3918
1209s;36.7 °C;;;;;;;;;0.2468;0.2496;0.237;0.2565;0.2524;0.254;0.2554;0.2667;0.249;0.2508;0.2468;0.2579;0.2626;0.258;0.2982;0.3668;0.2442;0.2487;0.2538;0.2518;0.2535;0.263;0.3369;0.4381;0.2458;0.2524;0.2535;0.2419;0.2508;0.2728;0.3976;0.7413;0.253;0.2495;0.2541;0.2637;0.2529;0.3;0.4492;0.861;0.2522;0.249;0.2575;0.2557;0.2512;0.3185;0.4656;0.6466;0.9886;0.6903;0.643;0.244;0.8563;0.7416;0.6127;0.8354;1.3689;1.1323;1.0614;0.2348;1.3019;1.2804;1.1946;1.4645;1.8226;1.653;1.5449;0.2378;1.7684;1.8332;1.7753;1.9412;2.2698;2.1621;2.0966;0.2448;2.3031;2.2596;2.2429;2.3653;2.3338;2.3682;2.3357;0.246;2.3809;2.3673;2.4356;2.414
1281s;36.8 °C;;;;;;;;;0.2466;0.2493;0.2365;0.2565;0.2524;0.2539;0.255;0.2669;0.249;0.2508;0.2468;0.2582;0.2623;0.2592;0.3048;0.3799;0.2441;0.2487;0.2537;0.2519;0.2535;0.2658;0.3484;0.459;0.2457;0.2525;0.2537;0.2428;0.2505;0.2771;0.4163;0.7747;0.2529;0.2496;0.2544;0.2642;0.2528;0.307;0.4746;0.9009;0.2523;0.2492;0.2581;0.2563;0.2513;0.3263;0.4934;0.6938;1.0385;0.7222;0.6703;0.2437;0.8995;0.7749;0.6356;0.8701;1.4442;1.1937;1.1164;0.2346;1.3734;1.3481;1.2542;1.5379;1.9241;1.747;1.6288;0.2378;1.8616;1.9235;1.8629;2.0398;2.2792;2.19;2.1189;0.2442;2.364;2.2861;2.2713;2.3731;2.3293;2.3682;2.3338;0.2458;2.3765;2.3637;2.4392;2.4191
1352s;37.2 °C;;;;;;;;;0.2465;0.2491;0.2367;0.2562;0.2524;0.254;0.2556;0.2675;0.2489;0.2507;0.2468;0.258;0.2624;0.2604;0.312;0.3934;0.2439;0.249;0.2537;0.2524;0.2537;0.2689;0.3606;0.4814;0.2456;0.2527;0.2538;0.2437;0.2509;0.2822;0.4361;0.8098;0.2531;0.2499;0.2546;0.2646;0.253;0.3146;0.5015;0.9424;0.2524;0.2496;0.2585;0.257;0.2517;0.335;0.5232;0.7445;1.0888;0.7542;0.698;0.2434;0.9437;0.8089;0.6584;0.9048;1.5197;1.2557;1.172;0.2345;1.446;1.417;1.3145;1.609;2.0251;1.8412;1.712;0.2379;1.9532;2.009;1.9463;2.1377;2.2843;2.2172;2.1405;0.2441;2.3975;2.3111;2.2939;2.38;2.3277;2.3708;2.3347;0.2459;2.3734;2.3637;2.439;2.4203
1423s;36.9 °C;;;;;;;;;0.2463;0.249;0.2364;0.2562;0.2525;0.2539;0.2561;0.2674;0.2486;0.2507;0.2469;0.2588;0.2627;0.2619;0.3195;0.4062;0.2438;0.2488;0.254;0.2532;0.2538;0.2722;0.3735;0.5045;0.2454;0.2526;0.2541;0.2449;0.2511;0.2877;0.4571;0.847;0.2529;0.25;0.255;0.2651;0.2531;0.3229;0.53;0.9865;0.2525;0.2499;0.2592;0.2578;0.2519;0.3445;0.5547;0.7968;1.1395;0.7869;0.726;0.2434;0.9885;0.8431;0.6813;0.937;1.5958;1.3173;1.2281;0.2336;1.5188;1.4871;1.3745;1.68;2.127;1.9363;1.7943;0.2391;2.044;2.0934;2.0273;2.2347;2.2866;2.2415;2.1579;0.2443;2.4236;2.3359;2.3146;2.3843;2.3274;2.3733;2.3351;0.2459;2.374;2.3634;2.4426;2.4287
1494s;36.8 °C;;;;;;;;;0.2461;0.2488;0.2364;0.2558;0.2526;0.2539;0.2558;0.2681;0.2486;0.2505;0.247;0.2586;0.2635;0.2632;0.3273;0.4208;0.2436;0.2487;0.2539;0.2534;0.2541;0.2756;0.3873;0.5286;0.2454;0.2528;0.2542;0.2484;0.2516;0.2935;0.4793;0.8863;0.2529;0.2502;0.2554;0.2657;0.2532;0.3315;0.5601;1.0323;0.2527;0.2502;0.2599;0.2588;0.2521;0.3545;0.5878;0.8514;1.1904;0.8194;0.7538;0.2434;1.0331;0.8771;0.7044;0.9705;1.6717;1.3818;1.2843;0.2334;1.591;1.5548;1.4344;1.7494;2.2231;2.0316;1.8745;0.2391;2.1311;2.1678;2.1056;2.3302;2.2851;2.255;2.1725;0.2443;2.443;2.3577;2.3306;2.3872;2.3251;2.3722;2.3353;0.2458;2.3715;2.3621;2.4397;2.4296
1565s;37.0 °C;;;;;;;;;0.2459;0.2489;0.2363;0.256;0.2523;0.2539;0.2535;0.269;0.2486;0.2506;0.2472;0.2591;0.2622;0.2649;0.3357;0.4354;0.2435;0.2486;0.254;0.2539;0.2535;0.2794;0.4015;0.5538;0.2452;0.2529;0.2545;0.2482;0.2517;0.2997;0.5026;0.9253;0.2529;0.2504;0.2558;0.2664;0.2534;0.3407;0.5917;1.0794;0.2529;0.2506;0.2606;0.2598;0.2526;0.3648;0.6226;0.909;1.2407;0.8521;0.7823;0.2435;1.0798;0.9119;0.7271;1.0047;1.7472;1.4436;1.3406;0.2334;1.6633;1.6241;1.4936;1.8196;2.2906;2.1242;1.9522;0.2395;2.2113;2.2011;2.1764;2.3888;2.2841;2.2615;2.1857;0.2449;2.4616;2.3733;2.3432;2.3844;2.3229;2.3692;2.3334;0.2458;2.3691;2.3598;2.4388;2.43
1636s;37.1 °C;;;;;;;;;0.2458;0.2486;0.2363;0.2559;0.2521;0.2536;0.2537;0.268;0.2482;0.2507;0.2472;0.2591;0.2622;0.2667;0.3442;0.4501;0.2435;0.2489;0.2541;0.2549;0.2536;0.2834;0.4165;0.5799;0.2451;0.253;0.2547;0.247;0.2519;0.3062;0.5269;0.9677;0.2529;0.2507;0.2563;0.267;0.2534;0.3505;0.6249;1.1276;0.253;0.2509;0.2615;0.2608;0.253;0.3761;0.6592;0.9672;1.292;0.8856;0.8109;0.2435;1.1247;0.9463;0.749;1.0356;1.8229;1.5071;1.3969;0.2337;1.7365;1.6932;1.5523;1.8849;2.3033;2.2116;2.0268;0.2391;2.2448;2.2264;2.2128;2.4134;2.2833;2.2652;2.2003;0.2439;2.4738;2.3884;2.3583;2.3849;2.3202;2.3698;2.3328;0.2455;2.3678;2.3606;2.4368;2.4306
1708s;37.1 °C;;;;;;;;;0.2456;0.2487;0.2363;0.256;0.2521;0.2536;0.2547;0.2683;0.2481;0.2505;0.2473;0.2593;0.2624;0.2685;0.3531;0.4664;0.2433;0.2487;0.2542;0.255;0.2537;0.2875;0.4319;0.6068;0.245;0.2531;0.255;0.2503;0.2526;0.3133;0.5522;1.0099;0.2529;0.2509;0.2568;0.2678;0.2539;0.3608;0.6593;1.1783;0.253;0.2515;0.2623;0.2619;0.2535;0.388;0.6972;1.0283;1.343;0.9184;0.8393;0.2435;1.1707;0.9808;0.7712;1.0679;1.8973;1.5709;1.4531;0.2339;1.8069;1.7602;1.6105;1.9491;2.3129;2.2446;2.0963;0.2387;2.2704;2.2476;2.2378;2.4316;2.282;2.2653;2.2129;0.2442;2.4879;2.3958;2.3662;2.3847;2.3197;2.3667;2.3308;0.2454;2.3647;2.3565;2.435;2.4307
1779s;37.1 °C;;;;;;;;;0.2453;0.2485;0.2362;0.2557;0.2525;0.2531;0.255;0.2686;0.2479;0.2504;0.2474;0.2596;0.2619;0.2704;0.3626;0.4823;0.2431;0.2487;0.2545;0.2555;0.253;0.292;0.4483;0.6348;0.2449;0.2531;0.2553;0.2499;0.2515;0.3204;0.5787;1.0528;0.2527;0.251;0.2573;0.2687;0.2537;0.3716;0.6954;1.2298;0.253;0.2521;0.2631;0.263;0.2533;0.4001;0.7367;1.0919;1.3933;0.9513;0.868;0.2437;1.2163;1.0152;0.7934;1.1009;1.9709;1.633;1.5097;0.2343;1.8789;1.8275;1.6682;2.0165;2.3158;2.2579;2.1327;0.239;2.2893;2.2645;2.2611;2.4452;2.2796;2.2684;2.2249;0.2443;2.4955;2.3998;2.3727;2.3828;2.3154;2.3655;2.3299;0.2454;2.363;2.3554;2.4338;2.4272
1850s;37.1 °C;;;;;;;;;0.2452;0.2483;0.2362;0.2556;0.2521;0.2531;0.2559;0.2688;0.2475;0.2505;0.2474;0.2603;0.262;0.2727;0.3721;0.4992;0.243;0.2487;0.2547;0.256;0.2538;0.2965;0.465;0.6633;0.2449;0.2532;0.2556;0.25;0.2533;0.3281;0.6061;1.099;0.2528;0.2513;0.2578;0.2693;0.2543;0.383;0.7328;1.2833;0.2531;0.2527;0.2639;0.2642;0.2544;0.413;0.7778;1.1559;1.4435;0.9843;0.8964;0.2436;1.2634;1.0498;0.8144;1.13;2.0431;1.6949;1.5644;0.2346;1.9473;1.893;1.7238;2.0739;2.3148;2.2643;2.1576;0.24;2.3044;2.2759;2.2756;2.4454;2.277;2.2657;2.2331;0.2443;2.4981;2.3942;2.3771;2.3794;2.3115;2.3603;2.3268;0.2452;2.3596;2.352;2.4276;2.4234
1921s;36.9 °C;;;;;;;;;0.245;0.248;0.2362;0.2553;0.2522;0.2529;0.2552;0.2698;0.2475;0.2505;0.2475;0.2604;0.2618;0.2748;0.3821;0.5174;0.243;0.2488;0.255;0.2563;0.2538;0.3014;0.4825;0.6927;0.2447;0.2531;0.2559;0.2512;0.2532;0.3362;0.6344;1.144;0.2527;0.2516;0.2584;0.2703;0.255;0.3949;0.7716;1.338;0.2532;0.2531;0.2649;0.2657;0.2544;0.4263;0.8205;1.2248;1.4935;1.0172;0.9246;0.2436;1.3097;1.0837;0.8357;1.1618;2.114;1.7565;1.6205;0.235;2.0167;1.9581;1.7796;2.1353;2.3106;2.2692;2.18;0.2394;2.3174;2.2877;2.2909;2.4458;2.2764;2.2617;2.2428;0.2442;2.4988;2.3967;2.3821;2.376;2.3098;2.3587;2.3253;0.2452;2.3546;2.349;2.4263;2.4222
1992s;37.1 °C;;;;;;;;;0.2449;0.2479;0.2362;0.2556;0.2518;0.2532;0.2556;0.2699;0.2474;0.2503;0.2476;0.2601;0.2615;0.277;0.3924;0.5338;0.2429;0.2487;0.2553;0.2567;0.253;0.3063;0.5003;0.7227;0.2447;0.2533;0.2563;0.2507;0.2517;0.3446;0.6638;1.1906;0.2528;0.2518;0.259;0.2713;0.2544;0.4071;0.8117;1.3932;0.2534;0.2533;0.2658;0.2671;0.2542;0.4414;0.865;1.2934;1.5435;1.0509;0.9533;0.2439;1.356;1.1182;0.8576;1.19;2.1841;1.8198;1.6753;0.2336;2.0847;2.0223;1.8357;2.1943;2.312;2.2716;2.2;0.2389;2.3299;2.3031;2.305;2.4495;2.2758;2.2631;2.2552;0.2437;2.5012;2.3977;2.3831;2.3811;2.3085;2.3585;2.3246;0.245;2.3557;2.3485;2.4257;2.4242
2063s;37.0 °C;;;;;;;;;0.2447;0.2478;0.2362;0.2554;0.2519;0.2529;0.2551;0.2703;0.2472;0.2503;0.2478;0.2611;0.2618;0.2796;0.4031;0.5515;0.2428;0.249;0.2555;0.2568;0.2532;0.3116;0.5188;0.7534;0.2446;0.2536;0.2567;0.2535;0.2519;0.3533;0.6943;1.2386;0.2529;0.2522;0.2597;0.2728;0.2548;0.4203;0.853;1.4505;0.2535;0.2537;0.2668;0.2685;0.2547;0.456;0.9109;1.3654;1.593;1.0836;0.982;0.2439;1.403;1.151;0.8778;1.2176;2.2411;1.8812;1.7299;0.2341;2.1491;2.0849;1.8889;2.2488;2.311;2.2701;2.2141;0.2401;2.3394;2.3118;2.317;2.4502;2.274;2.2621;2.2636;0.2445;2.5017;2.4001;2.3844;2.3823;2.3063;2.3549;2.3255;0.2451;2.3535;2.3462;2.4259;2.4232
2134s;37.0 °C;;;;;;;;;0.2446;0.2473;0.2361;0.2558;0.2518;0.2531;0.2563;0.2706;0.2471;0.2502;0.2478;0.2612;0.2617;0.282;0.4138;0.57;0.2427;0.2484;0.2557;0.2577;0.2535;0.317;0.5377;0.7848;0.2445;0.2534;0.2572;0.2542;0.2523;0.3622;0.7253;1.2867;0.2527;0.2523;0.2603;0.2739;0.2553;0.4338;0.8954;1.5073;0.2537;0.2538;0.2677;0.2698;0.2554;0.4712;0.9579;1.4366;1.6419;1.1157;1.0099;0.244;1.4489;1.1849;0.898;1.2446;2.2517;1.9401;1.7824;0.2344;2.1882;2.1439;1.941;2.3027;2.3069;2.2668;2.224;0.241;2.3368;2.3186;2.3239;2.4439;2.2699;2.2608;2.2691;0.2445;2.4956;2.3962;2.3807;2.3773;2.3032;2.3521;2.3188;0.245;2.3481;2.3439;2.421;2.4182
2206s;36.9 °C;;;;;;;;;0.2443;0.2471;0.2362;0.2554;0.2516;0.2529;0.2559;0.2715;0.247;0.2501;0.248;0.2615;0.2614;0.285;0.425;0.5882;0.2426;0.2488;0.2559;0.2585;0.2533;0.323;0.5571;0.8167;0.2445;0.2538;0.2577;0.2549;0.2528;0.3717;0.7572;1.3361;0.2528;0.2527;0.2611;0.2748;0.256;0.4476;0.9392;1.5645;0.2536;0.2543;0.2687;0.2713;0.2559;0.4871;1.0068;1.5091;1.69;1.1484;1.0386;0.244;1.4952;1.2189;0.9181;1.2711;2.2595;2.0006;1.8361;0.2346;2.2173;2.1986;1.9932;2.33;2.306;2.2642;2.2343;0.24;2.3338;2.3287;2.3358;2.4441;2.2686;2.2576;2.276;0.2443;2.4886;2.3935;2.3822;2.3734;2.3018;2.3478;2.3188;0.2448;2.348;2.3416;2.4172;2.4172
2277s;36.9 °C;;;;;;;;;0.2442;0.247;0.2362;0.2554;0.2516;0.2527;0.2551;0.2722;0.2468;0.2502;0.2481;0.2612;0.2607;0.2879;0.4365;0.6068;0.2425;0.2489;0.2562;0.2588;0.253;0.3288;0.5772;0.8494;0.2444;0.2537;0.2579;0.254;0.2523;0.3814;0.7899;1.3878;0.2528;0.2529;0.2619;0.2758;0.2554;0.462;0.984;1.6234;0.2534;0.2546;0.2697;0.273;0.2558;0.5034;1.0563;1.5834;1.7385;1.1809;1.0667;0.2443;1.541;1.2526;0.9376;1.2971;2.2692;2.0617;1.8898;0.2345;2.2433;2.2315;2.0454;2.34;2.3057;2.2659;2.2462;0.2409;2.336;2.3404;2.3461;2.4485;2.269;2.2609;2.2834;0.2443;2.4939;2.396;2.383;2.3748;2.3009;2.35;2.3199;0.2447;2.3474;2.3431;2.4197;2.4153
2348s;37.2 °C;;;;;;;;;0.2441;0.247;0.2361;0.2554;0.2516;0.2524;0.2555;0.2722;0.2467;0.2503;0.2483;0.262;0.261;0.2908;0.4477;0.6263;0.2424;0.2491;0.2565;0.2597;0.2531;0.3346;0.5974;0.8822;0.2444;0.2542;0.2584;0.2555;0.2525;0.3915;0.8235;1.438;0.2529;0.2533;0.2627;0.2772;0.2558;0.4767;1.0302;1.682;0.2531;0.2551;0.2709;0.2747;0.2566;0.5203;1.1077;1.6589;1.7862;1.2145;1.0948;0.2443;1.5874;1.2851;0.9566;1.3227;2.2722;2.1196;1.9407;0.2342;2.2624;2.2569;2.0952;2.3514;2.3048;2.2651;2.2543;0.2401;2.3335;2.3482;2.3544;2.4446;2.2682;2.2593;2.2891;0.2439;2.493;2.3974;2.3861;2.3764;2.2986;2.3496;2.3175;0.2446;2.3451;2.3413;2.4179;2.415
2419s;37.0 °C;;;;;;;;;0.2439;0.2466;0.2362;0.2553;0.2514;0.2522;0.2566;0.2739;0.2466;0.2501;0.2485;0.2621;0.2604;0.2933;0.4595;0.6457;0.2422;0.2491;0.2569;0.2599;0.2526;0.3407;0.6181;0.9156;0.2443;0.2543;0.2588;0.2583;0.2519;0.4018;0.8575;1.488;0.2527;0.2536;0.2637;0.2788;0.2556;0.4922;1.0768;1.7417;0.253;0.2554;0.272;0.2766;0.2565;0.5375;1.1598;1.736;1.8321;1.2468;1.1227;0.2443;1.6328;1.3159;0.9757;1.3474;2.2705;2.1761;1.9907;0.2341;2.2763;2.2755;2.1421;2.3542;2.2991;2.2623;2.2619;0.2414;2.3304;2.351;2.3614;2.4424;2.2636;2.2523;2.292;0.2447;2.4872;2.3932;2.383;2.3716;2.2956;2.3433;2.3136;0.2446;2.3406;2.3362;2.4129;2.4122
2490s;37.0 °C;;;;;;;;;0.2437;0.2464;0.2361;0.2552;0.2512;0.2522;0.2563;0.2746;0.2464;0.2499;0.2485;0.2627;0.2605;0.2962;0.4716;0.6654;0.2422;0.2488;0.257;0.2607;0.2528;0.3473;0.6392;0.9497;0.2441;0.2541;0.2593;0.2577;0.2521;0.4125;0.8924;1.5415;0.2526;0.2538;0.2642;0.2805;0.2561;0.5087;1.1248;1.8014;0.2531;0.2558;0.2731;0.2782;0.2567;0.5554;1.2128;1.8133;1.8794;1.278;1.1496;0.2444;1.6796;1.3494;0.9943;1.3726;2.2706;2.2331;2.0404;0.2338;2.2908;2.299;2.1902;2.3625;2.3013;2.2616;2.2703;0.2403;2.3316;2.3596;2.3726;2.4418;2.2643;2.2558;2.2945;0.2444;2.4905;2.3941;2.3851;2.3714;2.2952;2.3469;2.3134;0.2444;2.3413;2.3374;2.4139;2.4123
2561s;37.2 °C;;;;;;;;;0.2435;0.2457;0.236;0.255;0.2512;0.2521;0.2553;0.2742;0.2462;0.2498;0.2487;0.2629;0.26;0.2997;0.484;0.6853;0.2421;0.2487;0.2572;0.2614;0.2525;0.3539;0.6609;0.9842;0.2441;0.2541;0.2598;0.2583;0.2518;0.4235;0.928;1.5924;0.2526;0.2541;0.2654;0.2816;0.256;0.5243;1.1734;1.8598;0.2533;0.2562;0.2743;0.28;0.2568;0.5738;1.2674;1.8898;1.9249;1.3082;1.1775;0.2445;1.7248;1.38;1.0132;1.3958;2.2687;2.2894;2.0879;0.2338;2.3004;2.3153;2.2371;2.3678;2.2996;2.2599;2.2773;0.2409;2.3308;2.3647;2.3776;2.442;2.2611;2.2528;2.2975;0.2442;2.4885;2.394;2.3841;2.3722;2.2938;2.3426;2.312;0.2442;2.3378;2.335;2.4128;2.4094
2632s;37.2 °C;;;;;;;;;0.2433;0.2458;0.236;0.255;0.2512;0.2518;0.2559;0.2741;0.2462;0.2497;0.2487;0.2631;0.2602;0.303;0.4963;0.7058;0.2419;0.2493;0.2574;0.2619;0.2529;0.3606;0.6827;1.0189;0.2439;0.2544;0.2604;0.2594;0.2518;0.435;0.9641;1.6462;0.2527;0.2545;0.2661;0.2829;0.2562;0.5409;1.2232;1.9174;0.2538;0.2566;0.2754;0.2819;0.2576;0.5926;1.3219;1.9674;1.9704;1.3404;1.2034;0.2446;1.7692;1.411;1.0304;1.4204;2.2657;2.3448;2.1197;0.2339;2.3088;2.3283;2.2809;2.3709;2.2966;2.2591;2.2839;0.2408;2.3289;2.3696;2.3848;2.4391;2.2602;2.2522;2.3006;0.2443;2.4884;2.3952;2.3843;2.371;2.2932;2.3409;2.3102;0.2442;2.3376;2.3342;2.4116;2.4111
Date of measurement: 2015-03-16/Time of measurement: 15:58:08;;;;;;;;;;;;;;;;;;;;;;;;;;;;;;;;;;;;;;;;;;;;;;;;;;;;;;;;;;;;;;;;;;;;;;;;;;;;;;;;;;;;;;;;;;;;;;;;;
20150316_Racemase_DAAO_vanillic_assay.mth;;;;;;;;;;;;;;;;;;;;;;;;;;;;;;;;;;;;;;;;;;;;;;;;;;;;;;;;;;;;;;;;;;;;;;;;;;;;;;;;;;;;;;;;;;;;;;;;;
C:\Users\Public\Documents\Tecan\Magellan\mth\AMK\20150316_Racemase_DAAO_vanillic_assay.mth;;;;;;;;;;;;;;;;;;;;;;;;;;;;;;;;;;;;;;;;;;;;;;;;;;;;;;;;;;;;;;;;;;;;;;;;;;;;;;;;;;;;;;;;;;;;;;;;;
498nm;;;;;;;;;;;;;;;;;;;;;;;;;;;;;;;;;;;;;;;;;;;;;;;;;;;;;;;;;;;;;;;;;;;;;;;;;;;;;;;;;;;;;;;;;;;;;;;;;
infinite 200Pro;;;;;;;;;;;;;;;;;;;;;;;;;;;;;;;;;;;;;;;;;;;;;;;;;;;;;;;;;;;;;;;;;;;;;;;;;;;;;;;;;;;;;;;;;;;;;;;;;
Instrument serial number: 1205002710;;;;;;;;;;;;;;;;;;;;;;;;;;;;;;;;;;;;;;;;;;;;;;;;;;;;;;;;;;;;;;;;;;;;;;;;;;;;;;;;;;;;;;;;;;;;;;;;;
Plate;;;;;;;;;;;;;;;;;;;;;;;;;;;;;;;;;;;;;;;;;;;;;;;;;;;;;;;;;;;;;;;;;;;;;;;;;;;;;;;;;;;;;;;;;;;;;;;;;
Plate Description: [GRE96ft] - Greiner 96 Flat Transparent;;;;;;;;;;;;;;;;;;;;;;;;;;;;;;;;;;;;;;;;;;;;;;;;;;;;;;;;;;;;;;;;;;;;;;;;;;;;;;;;;;;;;;;;;;;;;;;;;
Plate with Cover: No;;;;;;;;;;;;;;;;;;;;;;;;;;;;;;;;;;;;;;;;;;;;;;;;;;;;;;;;;;;;;;;;;;;;;;;;;;;;;;;;;;;;;;;;;;;;;;;;;
Barcode: No;;;;;;;;;;;;;;;;;;;;;;;;;;;;;;;;;;;;;;;;;;;;;;;;;;;;;;;;;;;;;;;;;;;;;;;;;;;;;;;;;;;;;;;;;;;;;;;;;
  Part of Plate;;;;;;;;;;;;;;;;;;;;;;;;;;;;;;;;;;;;;;;;;;;;;;;;;;;;;;;;;;;;;;;;;;;;;;;;;;;;;;;;;;;;;;;;;;;;;;;;;
  Range: A2:H12;;;;;;;;;;;;;;;;;;;;;;;;;;;;;;;;;;;;;;;;;;;;;;;;;;;;;;;;;;;;;;;;;;;;;;;;;;;;;;;;;;;;;;;;;;;;;;;;;
    Temperature;;;;;;;;;;;;;;;;;;;;;;;;;;;;;;;;;;;;;;;;;;;;;;;;;;;;;;;;;;;;;;;;;;;;;;;;;;;;;;;;;;;;;;;;;;;;;;;;;
    Mode: On;;;;;;;;;;;;;;;;;;;;;;;;;;;;;;;;;;;;;;;;;;;;;;;;;;;;;;;;;;;;;;;;;;;;;;;;;;;;;;;;;;;;;;;;;;;;;;;;;
    Temperature: 37,0 °C;;;;;;;;;;;;;;;;;;;;;;;;;;;;;;;;;;;;;;;;;;;;;;;;;;;;;;;;;;;;;;;;;;;;;;;;;;;;;;;;;;;;;;;;;;;;;;;;;
    Kinetic Cycle;;;;;;;;;;;;;;;;;;;;;;;;;;;;;;;;;;;;;;;;;;;;;;;;;;;;;;;;;;;;;;;;;;;;;;;;;;;;;;;;;;;;;;;;;;;;;;;;;
    Duration: 00:45:00;;;;;;;;;;;;;;;;;;;;;;;;;;;;;;;;;;;;;;;;;;;;;;;;;;;;;;;;;;;;;;;;;;;;;;;;;;;;;;;;;;;;;;;;;;;;;;;;;
    Kinetic Interval: 00:00:30;;;;;;;;;;;;;;;;;;;;;;;;;;;;;;;;;;;;;;;;;;;;;;;;;;;;;;;;;;;;;;;;;;;;;;;;;;;;;;;;;;;;;;;;;;;;;;;;;
      Absorbance;;;;;;;;;;;;;;;;;;;;;;;;;;;;;;;;;;;;;;;;;;;;;;;;;;;;;;;;;;;;;;;;;;;;;;;;;;;;;;;;;;;;;;;;;;;;;;;;;
      Measurement Wavelength: 498 nm;;;;;;;;;;;;;;;;;;;;;;;;;;;;;;;;;;;;;;;;;;;;;;;;;;;;;;;;;;;;;;;;;;;;;;;;;;;;;;;;;;;;;;;;;;;;;;;;;
      Measurement Bandwidth: 9 nm;;;;;;;;;;;;;;;;;;;;;;;;;;;;;;;;;;;;;;;;;;;;;;;;;;;;;;;;;;;;;;;;;;;;;;;;;;;;;;;;;;;;;;;;;;;;;;;;;
      Number of Reads: 25;;;;;;;;;;;;;;;;;;;;;;;;;;;;;;;;;;;;;;;;;;;;;;;;;;;;;;;;;;;;;;;;;;;;;;;;;;;;;;;;;;;;;;;;;;;;;;;;;
      Settle Time: 0 ms;;;;;;;;;;;;;;;;;;;;;;;;;;;;;;;;;;;;;;;;;;;;;;;;;;;;;;;;;;;;;;;;;;;;;;;;;;;;;;;;;;;;;;;;;;;;;;;;;
      Label: Label1;;;;;;;;;;;;;;;;;;;;;;;;;;;;;;;;;;;;;;;;;;;;;;;;;;;;;;;;;;;;;;;;;;;;;;;;;;;;;;;;;;;;;;;;;;;;;;;;;
Total kinetic run time: 43min 52s ;;;;;;;;;;;;;;;;;;;;;;;;;;;;;;;;;;;;;;;;;;;;;;;;;;;;;;;;;;;;;;;;;;;;;;;;;;;;;;;;;;;;;;;;;;;;;;;;;
