DiffTime,Value,Description
0,6992,1 L176L T345G L370I
6,22820.5,1 L176L T345G L370I
12,36349.5,1 L176L T345G L370I
18,44235.5,1 L176L T345G L370I
24,45620,1 L176L T345G L370I
0,6739.5,2 L176V T345G L370E
6,20598,2 L176V T345G L370E
12,33353.5,2 L176V T345G L370E
18,40314.5,2 L176V T345G L370E
24,42999,2 L176V T345G L370E
0,6564.5,3 L176T T345G L370M
6,18832.5,3 L176T T345G L370M
12,31004.5,3 L176T T345G L370M
18,39104.5,3 L176T T345G L370M
24,43061.5,3 L176T T345G L370M
0,6384,4 L176A T345G L370H
6,16800.5,4 L176A T345G L370H
12,28151.5,4 L176A T345G L370H
18,36560,4 L176A T345G L370H
24,40733,4 L176A T345G L370H
0,6365,5 L176M T345G L370Q
6,15142.5,5 L176M T345G L370Q
12,26485,5 L176M T345G L370Q
18,36132,5 L176M T345G L370Q
24,42025,5 L176M T345G L370Q
0,6215.5,6 T345G
6,9362.5,6 T345G
12,13497.5,6 T345G
18,18940.5,6 T345G
24,23836,6 T345G
0,6393.5,7 Wt
6,6543.5,7 Wt
12,6422,7 Wt
18,6350,7 Wt
24,6366.5,7 Wt
0,6747.5,8 NaP buffer
6,6536,8 NaP buffer
12,6327.5,8 NaP buffer
18,6218.5,8 NaP buffer
24,6149.5,8 NaP buffer
